component_id,area_px,area_mm2
1,35890,2067.264000
2,38007,2189.203200
